Order ID,Customer Name,Order Date,Product Category,Quantity,Price,Total Amount,Country
ORD10000,Sarah Johnson,2025-11-09,Sports,4,119.37,477.48,Dubai
ORD10001,Sarah Johnson,2024-04-09,Food,1,24.6,24.6,U.K.
ORD10002,Lisa Wang,2024-02-08,Food,4,230.11,920.44,usa
ORD10003,Mike Brown,2023-12-21,Food,6,146.16,876.96,nigeria
ORD10004,David Lee,2025-08-27,Toys,6,305.83,1834.98,dubai
ORD10005,Sarah Johnson,2024-11-12,Clothing,9,153.66,1382.94,nigeria
ORD10006,Sarah Johnson,2025-10-19,Home & Garden,5,492.76,2463.8,U.S.A.
ORD10007,Emma Wilson,2024-02-23,Toys,3,191.39,574.17,NG
ORD10008,Sarah Johnson,2024-03-21,Books,9,367.27,3305.43,UK
ORD10009,Lisa Wang,2024-01-03,Toys,1,122.23,,nigeria
ORD10010,Sarah Johnson,2025-05-02,Toys,4,331.16,1324.64,Dubai
ORD10011,Ahmed Ali,2025-07-15,Home & Garden,9,274.1,2466.9,UK
ORD10012,David Lee,2024-11-29,Home & Garden,3,259.67,,usa
ORD10013,Mike Brown,2024-03-02,Books,7,302.24,2115.6800000000003,UAE
ORD10014,Ahmed Ali,2024-05-17,Electronics,2,344.04,688.08,NG
ORD10015,Maria Garcia,2025-08-12,Sports,7,87.5,,dubai
ORD10016,Ahmed Ali,2024-07-10,Books,9,457.19,4114.71,NG
ORD10017,Lisa Wang,2025-07-01,Toys,3,274.3,822.9000000000001,U.K.
ORD10018,Maria Garcia,2024-07-22,Electronics,2,465.26,930.52,NG
ORD10019,Lisa Wang,2024-05-03,Clothing,2,368.63,737.26,U.K.
ORD10020,Mike Brown,2024-01-29,Beauty,9,90.91,818.1899999999999,UAE
ORD10021,Lisa Wang,2024-05-31,Home & Garden,5,205.51,1027.55,nigeria
ORD10022,Emma Wilson,2025-08-03,Home & Garden,4,41.37,,U.K.
ORD10023,Lisa Wang,2025-11-27,Clothing,1,122.18,122.18,nigeria
ORD10024,Lisa Wang,2025-02-22,Beauty,4,274.22,1096.88,UAE
ORD10025,Lisa Wang,2024-08-07,Food,4,56.22,224.88,nigeria
ORD10026,Emma Wilson,2025-10-10,Clothing,1,207.28,207.28,U.S.A.
ORD10027,Lisa Wang,2024-06-03,Beauty,3,216.72,650.16,Nigeria
ORD10028,Sarah Johnson,2024-09-07,Clothing,1,329.55,329.55,usa
ORD10029,Lisa Wang,2025-06-17,Food,8,245.87,1966.96,usa
ORD10030,John Smith,2024-10-31,Sports,8,149.77,1198.16,dubai
ORD10031,Emma Wilson,2025-06-29,Home & Garden,5,116.67,,dubai
ORD10032,Maria Garcia,2025-10-07,Electronics,10,243.63,2436.3,U.K.
ORD10033,Sarah Johnson,2025-05-28,Clothing,10,43.3,433.0,UK
ORD10034,Lisa Wang,2024-04-21,Electronics,10,50.17,501.70000000000005,UAE
ORD10035,Ahmed Ali,2025-05-09,Toys,4,140.15,560.6,Dubai
ORD10036,Maria Garcia,2025-09-21,Electronics,8,314.37,2514.96,U.S.A.
ORD10037,Lisa Wang,2024-07-04,Sports,3,467.3,1401.9,Nigeria
ORD10037,Lisa Wang,2024-07-04,Sports,3,467.3,1401.9,Nigeria
ORD10039,Ahmed Ali,2024-01-25,Clothing,3,139.59,418.77,dubai
ORD10040,Ahmed Ali,2025-02-19,Home & Garden,6,109.76,658.5600000000001,NG
ORD10041,Ahmed Ali,2025-10-13,Clothing,7,416.38,,nigeria
ORD10042,Ahmed Ali,2025-06-22,Beauty,9,355.78,3202.0199999999995,U.S.A.
ORD10042,Ahmed Ali,2025-06-22,Beauty,9,355.78,3202.0199999999995,U.S.A.
ORD10044,Maria Garcia,2025-10-25,Toys,4,344.21,1376.84,nigeria
ORD10045,David Lee,2024-03-09,Books,4,433.66,1734.64,United States
ORD10046,John Smith,2025-06-04,Toys,7,403.1,2821.7000000000003,Nigeria
ORD10047,Sarah Johnson,2024-11-08,Electronics,8,118.99,951.92,United Kingdom
ORD10048,Lisa Wang,2025-04-20,Electronics,4,205.25,821.0,U.S.A.
ORD10049,Ahmed Ali,2024-12-10,Food,9,172.26,,NG
ORD10050,Ahmed Ali,2025-10-26,Clothing,10,222.94,2229.4,nigeria
ORD10051,Sarah Johnson,2024-11-05,Home & Garden,5,31.75,158.75,U.K.
ORD10052,Lisa Wang,2024-11-27,Food,2,474.95,949.9,UAE
ORD10053,Sarah Johnson,2025-01-31,Sports,7,169.83,1188.8100000000002,U.K.
ORD10054,David Lee,2024-01-24,Food,3,311.6,934.8000000000001,U.K.
ORD10055,Ahmed Ali,2025-02-14,Home & Garden,7,395.02,2765.14,nigeria
ORD10056,Emma Wilson,2024-01-13,Home & Garden,9,241.86,2176.7400000000002,dubai
ORD10057,Sarah Johnson,2025-02-17,Toys,2,411.03,822.06,Dubai
ORD10058,Lisa Wang,2025-07-07,Electronics,1,129.97,129.97,U.S.A.
ORD10058,Lisa Wang,2025-07-07,Electronics,1,129.97,129.97,U.S.A.
ORD10060,Sarah Johnson,2024-09-25,Home & Garden,3,404.01,1212.03,United Kingdom
ORD10061,Lisa Wang,2025-08-02,Beauty,3,402.69,1208.07,U.K.
ORD10062,Emma Wilson,2024-03-17,Food,9,228.5,2056.5,United Kingdom
ORD10063,Lisa Wang,2024-02-21,Sports,9,247.45,2227.0499999999997,United Kingdom
ORD10064,Ahmed Ali,2025-04-08,Sports,6,166.66,999.96,United States
ORD10065,David Lee,2023-12-25,Books,4,41.47,165.88,U.K.
ORD10065,David Lee,2023-12-25,Books,4,41.47,165.88,U.K.
ORD10067,David Lee,2024-08-03,Electronics,6,156.32,937.92,UK
ORD10068,Lisa Wang,2024-07-23,Home & Garden,5,223.56,,nigeria
ORD10069,David Lee,2025-06-18,Beauty,3,490.55,1471.65,UK
ORD10070,John Smith,2025-09-10,Food,3,434.76,1304.28,NG
ORD10071,Lisa Wang,2024-08-26,Toys,6,383.0,2298.0,UK
ORD10072,Sarah Johnson,2024-08-10,Electronics,9,35.52,319.68,Nigeria
ORD10073,John Smith,2025-11-03,Home & Garden,4,421.22,1684.88,Nigeria
ORD10074,Sarah Johnson,2024-05-06,Home & Garden,8,352.74,2821.92,United States
ORD10075,Sarah Johnson,2025-06-20,Sports,2,293.56,587.12,UAE
ORD10076,David Lee,2024-10-24,Home & Garden,2,300.13,600.26,Nigeria
ORD10077,Ahmed Ali,2024-01-04,Clothing,10,393.49,3934.9,UK
ORD10078,Sarah Johnson,2024-07-04,Toys,1,426.29,426.29,U.S.A.
ORD10079,Maria Garcia,2024-02-23,Beauty,3,223.39,670.17,Dubai
ORD10080,Emma Wilson,2024-08-15,Food,10,141.51,1415.1,U.S.A.
ORD10081,Emma Wilson,2025-03-30,Beauty,10,309.06,3090.6,usa
ORD10082,Maria Garcia,2025-06-01,Beauty,4,183.86,735.44,NG
ORD10083,Ahmed Ali,2024-05-14,Electronics,9,474.55,,dubai
ORD10084,Lisa Wang,2023-12-28,Beauty,8,229.61,,NG
ORD10085,Lisa Wang,2025-01-25,Toys,8,281.2,2249.6,dubai
ORD10086,Maria Garcia,2023-12-16,Beauty,5,160.25,801.25,dubai
ORD10087,Sarah Johnson,2024-06-04,Books,4,116.03,464.12,dubai
ORD10088,Ahmed Ali,2025-08-24,Home & Garden,5,121.47,607.35,usa
ORD10089,Mike Brown,2025-02-27,Electronics,1,281.15,281.15,United States
ORD10090,Emma Wilson,2025-08-21,Electronics,10,149.33,1493.3000000000002,nigeria
ORD10091,John Smith,2025-03-21,Beauty,2,412.84,825.68,U.S.A.
ORD10092,John Smith,2025-07-02,Books,10,475.07,,Nigeria
ORD10093,David Lee,2024-03-24,Home & Garden,9,196.39,1767.5099999999998,NG
ORD10094,David Lee,2025-01-26,Electronics,10,480.45,,Nigeria
ORD10094,David Lee,2025-01-26,Electronics,10,480.45,,Nigeria
ORD10096,Emma Wilson,2023-12-30,Beauty,5,25.99,129.95,NG
ORD10097,Emma Wilson,2025-09-23,Home & Garden,5,396.04,1980.2,Dubai
ORD10098,Lisa Wang,2024-09-25,Clothing,9,120.16,1081.44,NG
ORD10099,Sarah Johnson,2025-10-04,Books,5,301.57,1507.85,NG
ORD10100,Emma Wilson,2023-12-30,Sports,7,471.91,3303.3700000000003,United Kingdom
ORD10101,John Smith,2024-09-18,Toys,10,132.68,,Dubai
ORD10102,John Smith,2024-01-16,Sports,10,29.71,297.1,United Kingdom
ORD10103,Emma Wilson,2025-02-23,Books,10,223.58,2235.8,U.S.A.
ORD10104,David Lee,2024-12-28,Toys,2,430.29,860.58,dubai
ORD10105,David Lee,2024-05-20,Electronics,8,53.15,425.2,U.S.A.
ORD10106,David Lee,2024-06-26,Electronics,9,236.37,,U.K.
ORD10107,Emma Wilson,2024-03-04,Beauty,1,109.74,109.74,NG
ORD10108,Emma Wilson,2025-08-02,Electronics,10,401.66,4016.6000000000004,NG
ORD10109,David Lee,2025-08-31,Home & Garden,2,236.11,472.22,United States
ORD10110,Ahmed Ali,2024-07-01,Sports,7,419.01,2933.0699999999997,Nigeria
ORD10111,Mike Brown,2024-11-07,Home & Garden,10,259.04,2590.4,U.S.A.
ORD10112,David Lee,2024-12-21,Sports,1,148.59,148.59,UAE
ORD10113,Emma Wilson,2025-07-05,Beauty,9,247.33,2225.9700000000003,U.K.
ORD10113,Emma Wilson,2025-07-05,Beauty,9,247.33,2225.9700000000003,U.K.
ORD10115,Emma Wilson,2023-12-13,Food,7,494.32,3460.24,Dubai
ORD10116,Emma Wilson,2025-10-28,Books,9,483.02,4347.18,U.S.A.
ORD10117,Emma Wilson,2025-08-24,Beauty,1,364.0,364.0,Dubai
ORD10118,Sarah Johnson,2024-08-11,Sports,6,315.4,1892.3999999999999,U.S.A.
ORD10119,David Lee,2025-01-14,Beauty,9,27.59,,Dubai
ORD10120,Ahmed Ali,2025-04-16,Clothing,7,489.39,3425.73,dubai
ORD10121,Emma Wilson,2025-06-17,Sports,1,32.54,32.54,NG
ORD10122,David Lee,2025-07-08,Home & Garden,9,211.91,1907.19,United States
ORD10123,Sarah Johnson,2024-03-20,Food,10,344.74,3447.4,UAE
ORD10124,Emma Wilson,2024-02-20,Sports,8,135.11,,United Kingdom
ORD10125,Mike Brown,2025-09-20,Beauty,6,493.95,2963.7,UK
ORD10126,Emma Wilson,2025-01-29,Home & Garden,7,428.13,2996.91,UK
ORD10126,Emma Wilson,2025-01-29,Home & Garden,7,428.13,2996.91,UK
ORD10128,John Smith,2024-03-24,Beauty,5,390.11,1950.5500000000002,nigeria
ORD10128,John Smith,2024-03-24,Beauty,5,390.11,1950.5500000000002,nigeria
ORD10130,Emma Wilson,2025-10-31,Toys,3,54.17,162.51,dubai
ORD10131,Lisa Wang,2025-07-22,Toys,9,255.88,2302.92,United States
ORD10132,Emma Wilson,2025-02-05,Toys,2,239.48,,Nigeria
ORD10133,David Lee,2024-05-13,Toys,2,397.43,,U.K.
ORD10134,Maria Garcia,2024-01-16,Sports,10,196.7,1967.0,nigeria
ORD10135,Lisa Wang,2024-08-09,Electronics,10,443.28,4432.799999999999,UAE
ORD10136,Sarah Johnson,2024-02-23,Beauty,5,328.13,1640.65,usa
ORD10137,Ahmed Ali,2024-07-18,Clothing,2,125.05,250.1,UK
ORD10138,David Lee,2024-04-12,Books,7,330.91,2316.3700000000003,UAE
ORD10139,Ahmed Ali,2025-11-01,Toys,4,227.26,909.04,nigeria
ORD10140,Maria Garcia,2024-05-26,Toys,1,205.09,205.09,U.S.A.
ORD10141,Emma Wilson,2025-09-02,Home & Garden,10,485.84,,nigeria
ORD10142,Mike Brown,2024-05-05,Home & Garden,2,416.61,833.22,UAE
ORD10143,Lisa Wang,2025-01-02,Books,10,11.39,113.9,United States
ORD10144,Ahmed Ali,2025-06-09,Clothing,1,74.58,74.58,Nigeria
ORD10145,John Smith,2025-06-09,Sports,1,72.11,72.11,U.S.A.
ORD10146,Emma Wilson,2024-09-01,Toys,9,300.9,2708.1,Nigeria
ORD10147,John Smith,2024-01-30,Sports,8,325.24,,United Kingdom
ORD10148,David Lee,2024-01-02,Clothing,8,359.08,2872.64,U.S.A.
ORD10149,Mike Brown,2025-09-28,Books,5,315.92,1579.6000000000001,dubai
ORD10150,Ahmed Ali,2024-08-27,Food,2,398.62,797.24,Dubai
ORD10151,Lisa Wang,2024-09-20,Beauty,4,212.77,851.08,UK
ORD10152,Sarah Johnson,2025-01-18,Food,6,335.9,2015.3999999999999,United States
ORD10153,Emma Wilson,2025-09-27,Clothing,2,55.68,,dubai
ORD10154,Mike Brown,2024-05-14,Electronics,10,478.75,4787.5,Dubai
ORD10155,Maria Garcia,2024-01-23,Food,1,484.52,484.52,nigeria
ORD10156,Lisa Wang,2025-06-29,Beauty,4,425.16,1700.64,U.K.
ORD10157,Ahmed Ali,2024-04-26,Home & Garden,7,424.13,2968.91,UAE
ORD10158,John Smith,2024-03-21,Sports,1,98.4,98.4,NG
ORD10159,Maria Garcia,2025-11-28,Books,3,287.5,862.5,United States
ORD10160,John Smith,2025-09-02,Home & Garden,7,215.72,1510.04,nigeria
ORD10161,Maria Garcia,2024-05-02,Clothing,1,86.23,86.23,usa
ORD10162,Ahmed Ali,2024-09-07,Food,8,307.47,2459.76,Nigeria
ORD10163,Sarah Johnson,2024-12-16,Food,2,148.79,297.58,United Kingdom
ORD10164,Ahmed Ali,2025-10-19,Home & Garden,7,492.38,,Nigeria
ORD10165,Lisa Wang,2025-07-17,Sports,5,170.78,,dubai
ORD10166,Mike Brown,2024-11-10,Home & Garden,9,283.77,2553.93,nigeria
ORD10167,John Smith,2024-09-14,Electronics,8,461.37,3690.96,UAE
ORD10168,David Lee,2023-12-09,Food,5,66.43,,nigeria
ORD10169,Emma Wilson,2023-12-29,Toys,2,223.99,447.98,UK
ORD10170,Sarah Johnson,2024-10-25,Sports,6,118.57,711.42,U.S.A.
ORD10171,Sarah Johnson,2024-06-09,Home & Garden,6,182.04,1092.24,Dubai
ORD10172,Lisa Wang,2025-08-21,Books,5,106.66,533.3,Dubai
ORD10173,Emma Wilson,2024-08-16,Beauty,10,325.07,3250.7,nigeria
ORD10174,Maria Garcia,2025-07-03,Beauty,2,239.77,479.54,NG
ORD10175,Maria Garcia,2024-07-03,Clothing,5,236.25,,nigeria
ORD10176,Sarah Johnson,2024-02-13,Clothing,10,301.1,3011.0,UAE
ORD10177,John Smith,2024-08-31,Home & Garden,6,306.45,1838.6999999999998,usa
ORD10178,Maria Garcia,2025-09-09,Books,1,131.39,131.39,United Kingdom
ORD10179,Mike Brown,2024-11-27,Toys,5,199.83,999.1500000000001,Dubai
ORD10180,Maria Garcia,2025-09-28,Toys,2,283.4,566.8,NG
ORD10181,Mike Brown,2024-12-28,Clothing,10,335.17,3351.7000000000003,NG
ORD10182,David Lee,2025-07-25,Clothing,5,283.87,1419.35,nigeria
ORD10183,Sarah Johnson,2024-02-12,Food,9,187.3,1685.7,United States
ORD10184,Maria Garcia,2024-07-25,Home & Garden,4,499.99,1999.96,NG
ORD10185,Sarah Johnson,2024-07-03,Electronics,6,439.43,2636.58,UAE
ORD10186,Mike Brown,2025-06-02,Books,8,31.41,251.28,dubai
ORD10187,Emma Wilson,2024-03-19,Sports,8,124.66,997.28,United Kingdom
ORD10188,Lisa Wang,2024-11-23,Beauty,8,387.02,3096.16,U.K.
ORD10189,Mike Brown,2025-05-14,Books,5,35.57,177.85,nigeria
ORD10190,Sarah Johnson,2023-12-07,Clothing,5,51.1,255.5,United Kingdom
ORD10191,Mike Brown,2024-09-13,Clothing,4,410.18,1640.72,usa
ORD10191,Mike Brown,2024-09-13,Clothing,4,410.18,1640.72,usa
ORD10193,Sarah Johnson,2024-02-08,Toys,3,77.42,232.26,United Kingdom
ORD10194,Mike Brown,2023-12-13,Beauty,8,311.52,2492.16,usa
ORD10194,Mike Brown,2023-12-13,Beauty,8,311.52,2492.16,usa
ORD10196,David Lee,2024-02-19,Beauty,2,64.32,128.64,UAE
ORD10197,Lisa Wang,2025-07-10,Sports,7,10.77,75.39,UAE
ORD10198,Sarah Johnson,2024-06-16,Toys,2,477.17,954.34,U.K.
ORD10199,David Lee,2024-08-10,Electronics,7,490.71,3434.97,usa
ORD10200,Sarah Johnson,2024-12-16,Home & Garden,2,388.04,776.08,nigeria
ORD10201,Maria Garcia,2024-05-24,Toys,3,416.89,1250.67,dubai
ORD10202,Mike Brown,2025-07-19,Clothing,8,28.12,224.96,Nigeria
ORD10203,Maria Garcia,2025-01-21,Food,9,241.97,,Dubai
ORD10204,Maria Garcia,2025-10-17,Toys,5,70.99,354.95,UK
ORD10205,David Lee,2024-12-22,Books,8,349.11,2792.88,U.K.
ORD10206,Sarah Johnson,2024-09-26,Clothing,7,305.2,2136.4,U.K.
ORD10207,Sarah Johnson,2025-09-14,Toys,5,160.18,800.9000000000001,UK
ORD10208,Emma Wilson,2024-12-10,Beauty,1,366.14,366.14,UAE
ORD10209,Ahmed Ali,2024-02-19,Electronics,2,338.88,677.76,U.K.
ORD10210,Mike Brown,2025-11-03,Books,10,342.26,3422.6,United States
ORD10211,Maria Garcia,2024-11-29,Food,10,25.87,258.7,United Kingdom
ORD10212,Maria Garcia,2024-09-06,Clothing,10,77.47,774.7,nigeria
ORD10213,Lisa Wang,2025-08-10,Electronics,3,254.53,763.59,U.K.
ORD10214,Ahmed Ali,2023-12-15,Beauty,4,498.22,1992.88,United Kingdom
ORD10215,Mike Brown,2025-09-20,Beauty,3,450.35,1351.0500000000002,U.S.A.
ORD10216,Maria Garcia,2024-01-21,Toys,2,279.5,559.0,NG
ORD10217,Mike Brown,2024-11-29,Home & Garden,2,492.71,985.42,Nigeria
ORD10218,John Smith,2024-11-30,Toys,8,403.79,3230.32,UAE
ORD10219,Sarah Johnson,2025-01-22,Food,8,267.59,2140.72,UAE
ORD10220,Maria Garcia,2024-02-16,Clothing,8,238.26,1906.08,United States
ORD10221,Mike Brown,2025-07-25,Food,9,456.25,,U.S.A.
ORD10222,Ahmed Ali,2025-06-19,Books,6,468.02,2808.12,U.K.
ORD10223,Sarah Johnson,2025-03-23,Home & Garden,9,144.48,1300.32,UAE
ORD10224,Mike Brown,2024-04-07,Books,3,332.78,998.3399999999999,UAE
ORD10225,John Smith,2025-11-05,Clothing,1,474.79,474.79,NG
ORD10226,David Lee,2024-03-12,Electronics,8,445.61,3564.88,Dubai
ORD10227,Emma Wilson,2025-03-29,Food,5,232.24,1161.2,United States
ORD10228,Emma Wilson,2024-08-16,Home & Garden,6,307.26,1843.56,dubai
ORD10229,Maria Garcia,2024-10-22,Books,6,262.34,1574.04,Nigeria
ORD10230,Ahmed Ali,2024-08-31,Home & Garden,3,57.44,172.32,UK
ORD10231,David Lee,2025-03-25,Books,6,467.54,2805.2400000000002,Nigeria
ORD10232,Emma Wilson,2024-06-25,Beauty,8,440.75,3526.0,U.S.A.
ORD10233,Emma Wilson,2025-04-02,Home & Garden,10,182.92,,United Kingdom
ORD10234,Emma Wilson,2025-02-15,Electronics,2,221.15,442.3,dubai
ORD10235,David Lee,2024-11-25,Electronics,7,35.07,245.49,nigeria
ORD10236,Sarah Johnson,2024-11-04,Beauty,9,147.06,1323.54,Dubai
ORD10237,Mike Brown,2025-08-27,Food,6,399.5,2397.0,nigeria
ORD10238,Lisa Wang,2024-03-28,Food,9,29.72,,dubai
ORD10239,Emma Wilson,2024-06-21,Beauty,3,307.07,921.21,nigeria
ORD10240,Maria Garcia,2025-06-21,Food,10,372.27,3722.7,nigeria
ORD10241,Emma Wilson,2023-12-10,Sports,8,409.72,3277.76,Dubai
ORD10242,David Lee,2024-04-16,Sports,1,302.49,302.49,Dubai
ORD10243,Lisa Wang,2025-10-13,Beauty,3,266.87,800.61,UK
ORD10244,Lisa Wang,2025-11-02,Clothing,4,19.28,77.12,United States
ORD10245,Lisa Wang,2024-10-10,Beauty,1,355.83,355.83,U.K.
ORD10246,Emma Wilson,2024-06-14,Food,6,478.78,2872.68,U.K.
ORD10247,Maria Garcia,2024-01-12,Sports,10,247.25,2472.5,NG
ORD10248,Lisa Wang,2025-02-03,Sports,4,348.22,1392.88,United Kingdom
ORD10249,Ahmed Ali,2025-02-13,Clothing,10,341.54,3415.4,UK
ORD10250,Mike Brown,2025-02-10,Electronics,5,478.1,,United Kingdom
ORD10251,Emma Wilson,2025-04-29,Home & Garden,9,142.86,1285.7400000000002,NG
ORD10252,Lisa Wang,2025-03-31,Electronics,9,120.58,1085.22,U.S.A.
ORD10253,Emma Wilson,2025-08-24,Books,1,482.61,482.61,United States
ORD10254,Emma Wilson,2024-08-03,Home & Garden,5,167.37,836.85,U.S.A.
ORD10255,Lisa Wang,2024-06-05,Electronics,3,214.76,644.28,usa
ORD10256,David Lee,2024-07-15,Books,5,439.6,,UAE
ORD10257,Maria Garcia,2025-02-16,Beauty,9,266.92,2402.28,United States
ORD10258,Emma Wilson,2025-02-28,Home & Garden,2,172.04,344.08,Dubai
ORD10259,Mike Brown,2025-11-20,Toys,5,288.21,1441.05,United States
ORD10260,David Lee,2024-09-23,Toys,2,206.41,,United States
ORD10261,Lisa Wang,2025-11-28,Sports,7,125.41,877.87,nigeria
ORD10262,John Smith,2025-03-12,Toys,4,40.44,161.76,NG
ORD10263,Ahmed Ali,2023-12-29,Clothing,5,190.1,950.5,United States
ORD10264,Emma Wilson,2024-03-24,Toys,7,353.95,2477.65,U.K.
ORD10265,Lisa Wang,2025-03-26,Clothing,9,228.91,2060.19,U.S.A.
ORD10266,Sarah Johnson,2025-10-02,Home & Garden,10,272.96,2729.6,U.K.
ORD10267,Lisa Wang,2024-04-16,Beauty,2,450.46,900.92,usa
ORD10267,Lisa Wang,2024-04-16,Beauty,2,450.46,900.92,usa
ORD10269,Ahmed Ali,2025-12-01,Home & Garden,10,45.78,457.8,dubai
ORD10270,John Smith,2025-09-25,Beauty,1,150.67,150.67,United States
ORD10271,David Lee,2024-11-16,Food,8,436.11,3488.88,UK
ORD10272,Mike Brown,2024-02-04,Toys,2,97.45,194.9,U.K.
ORD10273,Lisa Wang,2025-12-01,Electronics,5,236.87,1184.35,UK
ORD10274,Lisa Wang,2025-03-26,Beauty,6,86.01,516.0600000000001,dubai
ORD10275,John Smith,2024-01-28,Food,10,385.37,3853.7,usa
ORD10276,Sarah Johnson,2025-08-23,Electronics,8,302.91,2423.28,usa
ORD10277,John Smith,2024-10-19,Beauty,4,274.48,1097.92,usa
ORD10278,Ahmed Ali,2025-04-09,Toys,10,302.98,3029.8,nigeria
ORD10279,Mike Brown,2024-01-28,Home & Garden,7,157.25,,UAE
ORD10280,Mike Brown,2024-03-03,Food,9,252.85,2275.65,Dubai
ORD10281,Maria Garcia,2023-12-22,Food,7,83.12,581.84,U.K.
ORD10282,Lisa Wang,2025-01-31,Books,8,458.22,3665.76,UK
ORD10283,Mike Brown,2024-11-02,Home & Garden,5,109.63,548.15,United Kingdom
ORD10283,Mike Brown,2024-11-02,Home & Garden,5,109.63,548.15,United Kingdom
ORD10285,Sarah Johnson,2025-05-26,Home & Garden,8,112.36,898.88,NG
ORD10286,John Smith,2025-05-02,Home & Garden,2,375.97,751.94,Nigeria
ORD10287,Lisa Wang,2024-10-24,Home & Garden,9,167.59,1508.31,United Kingdom
ORD10288,Maria Garcia,2025-01-23,Sports,6,261.28,1567.6799999999998,U.S.A.
ORD10289,Emma Wilson,2025-01-11,Home & Garden,6,163.33,,Nigeria
ORD10290,John Smith,2025-03-12,Food,5,84.68,423.40000000000003,UK
ORD10291,Lisa Wang,2024-07-11,Toys,5,384.05,1920.25,dubai
ORD10292,Emma Wilson,2024-08-20,Books,6,92.94,557.64,United Kingdom
ORD10293,John Smith,2024-06-16,Electronics,2,473.14,946.28,usa
ORD10294,Lisa Wang,2025-09-26,Books,1,117.17,117.17,usa
ORD10294,Lisa Wang,2025-09-26,Books,1,117.17,117.17,usa
ORD10296,Ahmed Ali,2024-06-04,Sports,1,256.09,256.09,UK
ORD10297,Mike Brown,2025-08-17,Clothing,9,82.96,746.64,U.K.
ORD10298,Maria Garcia,2025-03-06,Food,2,192.8,385.6,UAE
ORD10299,Lisa Wang,2025-01-31,Clothing,1,55.82,55.82,U.K.
ORD10300,John Smith,2023-12-16,Books,2,254.93,509.86,nigeria
ORD10301,Sarah Johnson,2024-06-12,Electronics,4,113.59,454.36,UAE
ORD10301,Sarah Johnson,2024-06-12,Electronics,4,113.59,454.36,UAE
ORD10303,Lisa Wang,2024-04-12,Books,7,465.15,3256.0499999999997,UAE
ORD10304,David Lee,2024-01-11,Toys,7,380.25,2661.75,dubai
ORD10305,Maria Garcia,2025-10-11,Clothing,7,123.75,,UAE
ORD10306,David Lee,2025-01-04,Electronics,5,393.94,1969.7,Nigeria
ORD10307,David Lee,2024-09-18,Books,10,333.73,,UAE
ORD10308,Lisa Wang,2025-09-20,Clothing,5,85.57,427.84999999999997,Dubai
ORD10309,David Lee,2025-01-14,Toys,2,54.85,109.7,United Kingdom
ORD10310,Ahmed Ali,2025-08-22,Books,2,101.82,203.64,U.K.
ORD10311,Sarah Johnson,2025-11-08,Clothing,6,281.57,1689.42,nigeria
ORD10312,John Smith,2025-02-09,Food,7,391.79,2742.53,U.K.
ORD10313,Lisa Wang,2024-04-28,Books,7,93.06,651.4200000000001,NG
ORD10314,Sarah Johnson,2025-06-16,Food,5,216.34,1081.7,U.S.A.
ORD10315,Lisa Wang,2024-03-04,Beauty,10,312.17,3121.7000000000003,United States
ORD10316,David Lee,2024-12-29,Food,6,225.71,1354.26,Dubai
ORD10317,Mike Brown,2025-01-31,Toys,10,474.17,4741.7,nigeria
ORD10318,David Lee,2025-01-12,Sports,8,484.2,3873.6,nigeria
ORD10319,David Lee,2024-11-26,Clothing,10,107.9,1079.0,United States
ORD10320,John Smith,2024-08-19,Home & Garden,8,400.87,3206.96,U.S.A.
ORD10321,David Lee,2024-01-15,Beauty,3,320.33,960.99,Dubai
ORD10322,David Lee,2024-11-13,Clothing,8,495.44,3963.52,UK
ORD10323,David Lee,2024-05-27,Electronics,6,353.8,2122.8,UAE
ORD10324,Sarah Johnson,2025-08-15,Home & Garden,6,91.51,549.0600000000001,UAE
ORD10325,David Lee,2024-12-30,Food,2,15.17,30.34,U.K.
ORD10326,Lisa Wang,2024-09-04,Toys,7,236.9,1658.3,dubai
ORD10327,Maria Garcia,2025-11-09,Beauty,2,154.76,309.52,U.S.A.
ORD10328,Mike Brown,2024-12-13,Sports,6,233.11,1398.66,United Kingdom
ORD10329,Sarah Johnson,2024-09-12,Beauty,6,42.92,,dubai
ORD10330,Maria Garcia,2024-02-10,Clothing,3,465.66,1396.98,U.K.
ORD10331,Mike Brown,2024-12-31,Food,8,123.61,988.88,United States
ORD10332,David Lee,2024-10-25,Electronics,10,442.72,4427.200000000001,UK
ORD10333,Lisa Wang,2025-05-08,Sports,2,292.9,585.8,U.K.
ORD10334,Maria Garcia,2025-05-17,Beauty,2,138.55,277.1,U.K.
ORD10335,Maria Garcia,2024-04-02,Food,10,202.35,2023.5,nigeria
ORD10336,Mike Brown,2024-01-15,Sports,10,299.18,2991.8,nigeria
ORD10337,Ahmed Ali,2025-08-07,Books,6,349.78,2098.68,UK
ORD10338,David Lee,2024-09-27,Books,8,321.4,2571.2,Dubai
ORD10339,Mike Brown,2024-05-15,Books,8,151.53,1212.24,United Kingdom
ORD10340,Maria Garcia,2025-11-25,Beauty,3,105.61,316.83,U.K.
ORD10341,Emma Wilson,2024-10-12,Beauty,7,357.97,2505.79,United States
ORD10342,John Smith,2025-04-23,Sports,1,144.68,144.68,United States
ORD10343,Emma Wilson,2024-05-21,Clothing,10,65.96,659.5999999999999,nigeria
ORD10344,John Smith,2024-09-09,Home & Garden,7,60.18,421.26,Nigeria
ORD10345,John Smith,2024-08-31,Sports,6,432.48,,U.S.A.
ORD10346,Lisa Wang,2025-05-04,Toys,10,320.06,3200.6,United States
ORD10347,Lisa Wang,2025-10-05,Toys,9,147.73,1329.57,nigeria
ORD10348,Ahmed Ali,2025-02-11,Sports,9,492.89,4436.01,U.S.A.
ORD10349,David Lee,2025-10-05,Sports,3,353.7,1061.1,United States
ORD10350,Lisa Wang,2024-01-12,Food,8,79.66,637.28,Dubai
ORD10351,Emma Wilson,2025-09-18,Clothing,7,262.65,1838.5499999999997,nigeria
ORD10352,Emma Wilson,2025-01-03,Electronics,2,368.16,736.32,Dubai
ORD10353,Sarah Johnson,2024-06-05,Food,4,484.38,1937.52,United Kingdom
ORD10354,Ahmed Ali,2024-12-24,Books,10,427.69,4276.9,Dubai
ORD10355,John Smith,2025-08-25,Beauty,1,70.88,70.88,United Kingdom
ORD10356,David Lee,2025-05-11,Books,5,87.9,439.5,NG
ORD10357,Maria Garcia,2025-03-23,Clothing,6,335.61,2013.66,usa
ORD10358,Ahmed Ali,2023-12-19,Home & Garden,7,331.19,2318.33,usa
ORD10359,Sarah Johnson,2025-07-22,Home & Garden,9,343.19,,dubai
ORD10360,Sarah Johnson,2024-09-28,Books,8,44.71,357.68,dubai
ORD10361,Sarah Johnson,2025-01-18,Toys,5,77.19,385.95,United States
ORD10362,Mike Brown,2025-09-25,Electronics,10,328.51,3285.1,dubai
ORD10363,Mike Brown,2024-10-09,Beauty,4,52.48,209.92,U.S.A.
ORD10364,David Lee,2024-12-10,Food,6,397.63,2385.7799999999997,Dubai
ORD10365,Ahmed Ali,2023-12-28,Electronics,5,110.67,553.35,Nigeria
ORD10366,Ahmed Ali,2024-02-12,Electronics,4,252.49,1009.96,United Kingdom
ORD10367,Sarah Johnson,2024-06-12,Electronics,6,467.62,2805.7200000000003,UAE
ORD10367,Sarah Johnson,2024-06-12,Electronics,6,467.62,2805.7200000000003,UAE
ORD10369,John Smith,2024-10-23,Sports,9,385.88,3472.92,UK
ORD10370,Mike Brown,2025-02-23,Clothing,5,48.72,243.6,United States
ORD10371,David Lee,2024-04-13,Clothing,5,352.35,1761.75,Nigeria
ORD10372,Sarah Johnson,2024-09-16,Clothing,8,310.03,,Dubai
ORD10373,Mike Brown,2025-08-04,Electronics,3,353.73,1061.19,nigeria
ORD10374,Ahmed Ali,2025-06-17,Toys,3,377.39,1132.17,dubai
ORD10375,John Smith,2024-12-26,Food,5,266.69,1333.45,UAE
ORD10376,Emma Wilson,2024-08-25,Toys,1,254.81,254.81,nigeria
ORD10377,Sarah Johnson,2024-04-26,Clothing,4,372.98,,usa
ORD10378,Emma Wilson,2024-11-27,Food,3,97.69,293.07,usa
ORD10379,David Lee,2025-04-19,Toys,4,213.97,855.88,NG
ORD10380,Maria Garcia,2025-08-04,Electronics,3,119.36,358.08,usa
ORD10381,Sarah Johnson,2024-08-15,Sports,5,170.38,851.9,usa
ORD10382,Ahmed Ali,2024-05-06,Sports,10,128.87,1288.7,United Kingdom
ORD10383,Lisa Wang,2024-05-24,Home & Garden,3,13.13,39.39,Nigeria
ORD10384,John Smith,2024-12-26,Electronics,7,426.01,2982.0699999999997,U.S.A.
ORD10385,Lisa Wang,2024-10-01,Beauty,1,486.55,486.55,NG
ORD10386,Lisa Wang,2024-06-20,Food,6,234.64,1407.84,UAE
ORD10387,Mike Brown,2024-02-21,Food,2,300.03,,Dubai
ORD10388,Lisa Wang,2025-02-09,Sports,6,463.76,2782.56,dubai
ORD10389,Emma Wilson,2025-03-01,Home & Garden,2,472.34,944.68,UAE
ORD10390,Sarah Johnson,2025-06-19,Beauty,8,163.88,1311.04,nigeria
ORD10391,Lisa Wang,2024-08-29,Sports,8,139.85,1118.8,United States
ORD10392,Ahmed Ali,2023-12-14,Electronics,4,419.6,1678.4,U.S.A.
ORD10393,Maria Garcia,2024-10-25,Electronics,5,137.48,687.4,usa
ORD10394,Emma Wilson,2024-05-14,Home & Garden,2,236.4,472.8,United States
ORD10395,John Smith,2025-04-21,Books,4,413.6,1654.4,Dubai
ORD10396,Sarah Johnson,2024-04-17,Sports,2,20.68,,Dubai
ORD10397,Mike Brown,2025-09-01,Toys,2,30.92,61.84,United States
ORD10398,David Lee,2024-10-26,Beauty,1,197.54,197.54,nigeria
ORD10399,Mike Brown,2025-02-26,Sports,8,442.88,,UAE
ORD10400,Ahmed Ali,2024-07-12,Food,9,244.73,,UK
ORD10401,Lisa Wang,2024-02-15,Home & Garden,9,399.47,3595.2300000000005,dubai
ORD10402,Emma Wilson,2024-12-17,Toys,7,142.51,,UAE
ORD10403,Ahmed Ali,2025-10-06,Beauty,9,185.14,1666.2599999999998,Nigeria
ORD10404,Sarah Johnson,2025-03-26,Home & Garden,5,271.51,1357.55,dubai
ORD10405,Lisa Wang,2024-04-24,Food,6,468.25,2809.5,United States
ORD10406,Maria Garcia,2023-12-21,Toys,10,23.82,238.2,UAE
ORD10407,Lisa Wang,2024-07-18,Sports,3,250.31,,Nigeria
ORD10408,John Smith,2024-06-13,Beauty,1,172.55,172.55,United States
ORD10409,Mike Brown,2025-01-07,Electronics,1,82.38,82.38,United States
ORD10410,Maria Garcia,2025-09-21,Toys,7,297.15,2080.0499999999997,nigeria
ORD10411,Mike Brown,2024-09-13,Beauty,6,95.36,572.16,dubai
ORD10412,Maria Garcia,2025-04-20,Books,7,160.34,1122.38,United States
ORD10413,John Smith,2023-12-17,Food,10,25.87,258.7,UAE
ORD10414,Sarah Johnson,2024-07-14,Books,6,375.22,2251.32,nigeria
ORD10415,Sarah Johnson,2023-12-10,Toys,8,15.58,124.64,dubai
ORD10416,Ahmed Ali,2025-08-16,Electronics,1,199.11,199.11,United States
ORD10417,Emma Wilson,2024-11-12,Toys,9,193.92,1745.28,UAE
ORD10418,Lisa Wang,2025-06-21,Beauty,2,401.61,,usa
ORD10419,Sarah Johnson,2025-09-20,Toys,3,445.09,1335.27,U.S.A.
ORD10420,Sarah Johnson,2024-12-23,Beauty,1,221.35,221.35,UAE
ORD10421,Mike Brown,2025-10-11,Clothing,6,110.72,664.3199999999999,dubai
ORD10422,Ahmed Ali,2024-01-28,Sports,5,126.4,,UAE
ORD10423,Emma Wilson,2025-06-30,Electronics,6,11.87,,Dubai
ORD10424,Emma Wilson,2025-05-14,Clothing,1,111.41,111.41,U.S.A.
ORD10425,Sarah Johnson,2025-01-23,Food,8,249.66,1997.28,U.S.A.
ORD10426,David Lee,2025-05-29,Toys,7,191.01,1337.07,NG
ORD10427,Ahmed Ali,2025-04-17,Sports,10,40.2,402.0,Dubai
ORD10428,Maria Garcia,2024-05-29,Food,10,121.48,,UK
ORD10429,David Lee,2024-06-04,Beauty,10,442.01,4420.1,U.S.A.
ORD10430,John Smith,2024-07-08,Books,2,475.13,950.26,United States
ORD10431,Lisa Wang,2025-07-28,Electronics,7,48.4,338.8,Nigeria
ORD10432,Mike Brown,2024-04-04,Sports,6,456.29,2737.7400000000002,U.S.A.
ORD10433,David Lee,2024-05-18,Toys,5,264.65,1323.25,usa
ORD10434,David Lee,2025-08-11,Food,3,82.62,247.86,U.S.A.
ORD10435,Sarah Johnson,2025-02-15,Toys,7,139.43,976.01,UAE
ORD10436,John Smith,2025-06-11,Sports,7,80.49,563.43,dubai
ORD10436,John Smith,2025-06-11,Sports,7,80.49,563.43,dubai
ORD10438,Ahmed Ali,2025-01-20,Sports,8,430.54,3444.32,Nigeria
ORD10439,Emma Wilson,2025-01-10,Sports,7,306.44,,United Kingdom
ORD10440,David Lee,2024-07-26,Toys,1,262.48,262.48,NG
ORD10441,David Lee,2025-07-19,Electronics,3,104.45,313.35,usa
ORD10442,Emma Wilson,2025-10-14,Toys,4,144.25,577.0,U.K.
ORD10443,Sarah Johnson,2024-01-07,Electronics,4,192.51,770.04,United States
ORD10444,Emma Wilson,2024-04-13,Toys,6,90.12,540.72,dubai
ORD10445,Sarah Johnson,2025-02-16,Electronics,7,34.33,240.31,Nigeria
ORD10445,Sarah Johnson,2025-02-16,Electronics,7,34.33,240.31,Nigeria
ORD10447,Mike Brown,2024-02-11,Books,10,402.42,4024.2000000000003,UAE
ORD10448,Ahmed Ali,2023-12-06,Sports,7,448.79,3141.53,United Kingdom
ORD10449,Emma Wilson,2025-01-29,Food,10,60.13,601.3000000000001,Dubai
ORD10450,Maria Garcia,2024-05-09,Sports,5,345.36,1726.8000000000002,nigeria
ORD10451,Maria Garcia,2025-02-24,Sports,5,102.3,511.5,Nigeria
ORD10452,David Lee,2024-01-28,Toys,3,363.43,1090.29,NG
ORD10453,David Lee,2024-10-16,Food,1,295.68,295.68,Nigeria
ORD10454,Lisa Wang,2024-01-02,Beauty,6,258.58,1551.48,Dubai
ORD10455,Mike Brown,2025-02-07,Clothing,8,72.69,581.52,U.K.
ORD10456,Mike Brown,2024-01-08,Toys,2,118.9,237.8,NG
ORD10457,Maria Garcia,2024-11-19,Sports,10,154.09,1540.9,United Kingdom
ORD10458,Sarah Johnson,2024-08-08,Home & Garden,9,68.71,618.39,U.K.
ORD10459,John Smith,2025-07-03,Books,4,177.91,711.64,United Kingdom
ORD10460,Mike Brown,2025-09-13,Beauty,6,319.21,1915.2599999999998,Dubai
ORD10461,Emma Wilson,2025-02-27,Home & Garden,3,292.38,877.14,U.S.A.
ORD10461,Emma Wilson,2025-02-27,Home & Garden,3,292.38,877.14,U.S.A.
ORD10463,Lisa Wang,2024-11-17,Electronics,6,380.86,2285.16,usa
ORD10464,Lisa Wang,2025-04-17,Toys,5,73.18,365.90000000000003,UAE
ORD10465,Sarah Johnson,2025-10-19,Sports,5,233.4,1167.0,U.K.
ORD10465,Sarah Johnson,2025-10-19,Sports,5,233.4,1167.0,U.K.
ORD10467,Lisa Wang,2025-07-23,Home & Garden,1,298.95,298.95,nigeria
ORD10468,John Smith,2024-11-15,Sports,9,315.34,2838.06,usa
ORD10469,John Smith,2025-10-16,Clothing,7,227.71,1593.97,NG
ORD10470,Mike Brown,2025-05-08,Electronics,5,216.23,1081.1499999999999,U.K.
ORD10471,Mike Brown,2024-10-02,Clothing,9,362.2,3259.7999999999997,U.S.A.
ORD10472,Emma Wilson,2025-05-15,Home & Garden,5,417.43,2087.15,nigeria
ORD10473,Ahmed Ali,2025-06-23,Electronics,9,253.21,2278.89,United Kingdom
ORD10474,John Smith,2025-11-21,Clothing,2,419.26,838.52,United States
ORD10475,Sarah Johnson,2025-08-23,Sports,4,233.81,935.24,NG
ORD10476,Sarah Johnson,2025-06-09,Electronics,5,186.51,932.55,UK
ORD10477,Sarah Johnson,2025-10-19,Electronics,3,335.04,1005.1200000000001,nigeria
ORD10478,Ahmed Ali,2025-08-31,Toys,6,99.61,597.66,United Kingdom
ORD10479,David Lee,2023-12-29,Beauty,7,327.93,2295.51,U.S.A.
ORD10480,John Smith,2025-06-24,Clothing,7,456.5,3195.5,UAE
ORD10481,Mike Brown,2024-03-19,Food,6,309.57,1857.42,dubai
ORD10482,Mike Brown,2024-07-28,Beauty,2,444.92,889.84,U.S.A.
ORD10483,Maria Garcia,2025-11-22,Home & Garden,6,264.36,1586.16,UAE
ORD10484,Lisa Wang,2024-07-29,Toys,7,82.84,579.88,UAE
ORD10485,Mike Brown,2024-07-05,Beauty,8,436.01,,United Kingdom
ORD10486,Maria Garcia,2025-02-23,Electronics,9,119.13,1072.17,UK
ORD10487,Sarah Johnson,2024-08-21,Beauty,10,229.57,2295.7,United Kingdom
ORD10487,Sarah Johnson,2024-08-21,Beauty,10,229.57,2295.7,United Kingdom
ORD10489,Sarah Johnson,2024-03-26,Sports,9,285.54,2569.86,United Kingdom
ORD10490,Maria Garcia,2025-10-10,Home & Garden,8,172.67,1381.36,UAE
ORD10491,Maria Garcia,2024-08-28,Clothing,2,382.07,764.14,nigeria
ORD10492,Ahmed Ali,2024-05-23,Toys,2,32.43,64.86,United States
ORD10493,David Lee,2025-08-17,Sports,10,106.0,1060.0,UK
ORD10494,Lisa Wang,2024-12-23,Clothing,7,32.79,229.53,Dubai
ORD10495,Emma Wilson,2024-08-23,Books,8,12.13,97.04,U.K.
ORD10496,Emma Wilson,2024-07-02,Books,10,95.09,950.9000000000001,U.S.A.
ORD10497,Maria Garcia,2024-07-06,Food,7,489.96,3429.72,Nigeria
ORD10498,Maria Garcia,2025-02-06,Beauty,3,77.71,233.13,dubai
ORD10499,Maria Garcia,2023-12-07,Home & Garden,4,112.76,451.04,Dubai
ORD10500,Mike Brown,2023-12-08,Books,9,275.82,2482.38,dubai
ORD10501,Maria Garcia,2024-05-08,Beauty,10,289.61,2896.1000000000004,UK
ORD10502,Ahmed Ali,2024-09-28,Electronics,9,62.17,559.53,usa
ORD10503,Lisa Wang,2025-03-06,Books,5,344.86,1724.3000000000002,usa
ORD10504,Ahmed Ali,2025-05-10,Electronics,6,408.87,2453.2200000000003,Dubai
ORD10505,Lisa Wang,2024-02-11,Food,4,260.35,1041.4,dubai
ORD10506,John Smith,2024-11-09,Food,7,478.78,3351.46,nigeria
ORD10507,John Smith,2025-11-21,Sports,4,314.08,1256.32,United Kingdom
ORD10508,Maria Garcia,2024-04-11,Home & Garden,4,154.15,616.6,Dubai
ORD10509,Mike Brown,2024-06-26,Clothing,7,29.91,209.37,NG
ORD10510,Ahmed Ali,2025-11-29,Toys,8,357.75,2862.0,United States
ORD10511,John Smith,2024-03-04,Sports,8,397.06,3176.48,U.S.A.
ORD10512,Maria Garcia,2024-06-14,Home & Garden,3,265.1,795.3000000000001,United States
ORD10513,David Lee,2025-09-01,Toys,4,442.86,1771.44,nigeria
ORD10514,Lisa Wang,2024-03-11,Beauty,9,413.61,3722.4900000000002,usa
ORD10515,Maria Garcia,2024-09-04,Home & Garden,10,460.12,4601.2,usa
ORD10516,Maria Garcia,2024-11-09,Clothing,7,135.73,950.1099999999999,usa
ORD10517,Maria Garcia,2024-06-26,Beauty,8,31.49,251.92,Nigeria
ORD10518,Sarah Johnson,2025-08-28,Books,9,271.27,2441.43,Nigeria
ORD10519,Lisa Wang,2024-01-03,Food,2,110.73,221.46,dubai
ORD10520,Sarah Johnson,2024-01-02,Books,1,235.02,235.02,U.S.A.
ORD10521,Mike Brown,2025-03-22,Clothing,10,412.59,4125.9,UK
ORD10522,David Lee,2024-09-17,Toys,1,200.86,200.86,usa
ORD10523,Sarah Johnson,2024-04-14,Electronics,2,185.27,370.54,NG
ORD10524,Ahmed Ali,2024-03-23,Clothing,5,384.98,1924.9,UK
ORD10525,John Smith,2024-08-06,Books,9,117.73,1059.57,U.K.
ORD10525,John Smith,2024-08-06,Books,9,117.73,1059.57,U.K.
ORD10527,David Lee,2024-06-02,Clothing,5,112.93,564.6500000000001,dubai
ORD10528,David Lee,2024-02-12,Books,3,100.16,300.48,NG
ORD10529,Mike Brown,2024-01-17,Electronics,9,236.02,2124.1800000000003,NG
ORD10530,Ahmed Ali,2025-08-26,Home & Garden,10,248.72,2487.2,United States
ORD10531,Lisa Wang,2025-08-24,Sports,10,44.21,442.1,United Kingdom
ORD10532,Ahmed Ali,2023-12-25,Books,10,287.76,2877.6,UK
ORD10533,Maria Garcia,2025-03-27,Home & Garden,7,145.57,1018.99,Dubai
ORD10534,Emma Wilson,2024-08-18,Beauty,6,389.64,2337.84,U.S.A.
ORD10535,Sarah Johnson,2025-02-20,Books,9,106.25,956.25,Dubai
ORD10536,Sarah Johnson,2025-11-15,Electronics,10,293.66,2936.6000000000004,Nigeria
ORD10537,Ahmed Ali,2024-05-27,Beauty,3,189.25,567.75,UAE
ORD10537,Ahmed Ali,2024-05-27,Beauty,3,189.25,567.75,UAE
ORD10539,Lisa Wang,2024-03-16,Books,9,78.78,709.02,UAE
ORD10540,Mike Brown,2024-07-27,Toys,1,117.22,117.22,U.S.A.
ORD10541,Lisa Wang,2025-10-22,Home & Garden,9,454.79,4093.11,United Kingdom
ORD10542,John Smith,2025-10-25,Toys,2,354.83,709.66,NG
ORD10543,Ahmed Ali,2024-04-21,Books,7,330.3,2312.1,Dubai
ORD10544,Sarah Johnson,2024-06-23,Sports,7,486.61,3406.27,UK
ORD10545,Maria Garcia,2024-07-24,Beauty,10,13.23,132.3,United Kingdom
ORD10546,Sarah Johnson,2024-06-26,Sports,4,83.62,334.48,UAE
ORD10547,Sarah Johnson,2024-01-28,Home & Garden,7,407.47,2852.29,United Kingdom
ORD10548,Emma Wilson,2025-05-03,Books,7,21.0,,UAE
ORD10549,Mike Brown,2024-02-29,Electronics,10,81.96,819.5999999999999,United States
ORD10550,David Lee,2024-03-31,Electronics,5,474.15,2370.75,UAE
ORD10551,Emma Wilson,2025-06-13,Home & Garden,7,304.41,2130.8700000000003,United States
ORD10552,Ahmed Ali,2025-06-16,Toys,8,302.3,,UK
ORD10553,Sarah Johnson,2025-11-18,Home & Garden,9,431.2,3880.7999999999997,UK
ORD10554,Sarah Johnson,2025-06-06,Beauty,10,303.91,3039.1000000000004,U.K.
ORD10555,Sarah Johnson,2025-08-31,Beauty,3,451.97,1355.91,usa
ORD10556,David Lee,2024-06-18,Food,6,438.66,2631.96,UK
ORD10557,Emma Wilson,2024-11-09,Toys,10,404.26,4042.6,dubai
ORD10558,David Lee,2025-07-20,Sports,8,385.27,3082.16,U.S.A.
ORD10559,David Lee,2025-03-16,Home & Garden,1,357.48,357.48,UAE
ORD10560,John Smith,2024-11-15,Home & Garden,6,210.33,1261.98,UK
ORD10561,Ahmed Ali,2025-03-12,Food,10,189.17,1891.6999999999998,Dubai
ORD10562,Lisa Wang,2024-10-07,Beauty,3,191.4,574.2,NG
ORD10563,Maria Garcia,2023-12-13,Food,3,428.95,1286.85,dubai
ORD10564,Mike Brown,2025-08-24,Home & Garden,9,206.27,1856.43,U.K.
ORD10565,John Smith,2025-06-23,Food,1,404.14,404.14,United Kingdom
ORD10566,David Lee,2025-09-05,Clothing,5,118.67,,usa
ORD10567,David Lee,2024-03-16,Sports,10,38.16,381.59999999999997,United States
ORD10568,Emma Wilson,2025-11-24,Home & Garden,9,150.14,,UAE
ORD10569,Lisa Wang,2024-03-15,Books,1,186.27,186.27,United States
ORD10570,Ahmed Ali,2024-10-21,Toys,7,208.67,1460.6899999999998,usa
ORD10571,Sarah Johnson,2025-09-03,Sports,9,458.35,4125.150000000001,NG
ORD10572,Lisa Wang,2024-08-26,Food,10,12.28,122.8,U.K.
ORD10573,Sarah Johnson,2024-07-07,Sports,6,474.04,2844.2400000000002,NG
ORD10574,Ahmed Ali,2023-12-25,Beauty,7,285.95,2001.6499999999999,nigeria
ORD10575,Emma Wilson,2024-01-07,Beauty,10,432.39,4323.9,NG
ORD10575,Emma Wilson,2024-01-07,Beauty,10,432.39,4323.9,NG
ORD10577,Ahmed Ali,2025-03-25,Sports,2,205.48,410.96,nigeria
ORD10578,Mike Brown,2024-08-04,Toys,6,117.1,702.5999999999999,United States
ORD10579,Lisa Wang,2024-07-12,Home & Garden,4,370.36,1481.44,Nigeria
ORD10580,Lisa Wang,2024-03-11,Toys,3,391.68,1175.04,U.S.A.
ORD10581,Emma Wilson,2024-03-16,Electronics,9,479.42,4314.78,nigeria
ORD10582,Emma Wilson,2024-04-25,Sports,8,99.61,796.88,U.K.
ORD10582,Emma Wilson,2024-04-25,Sports,8,99.61,796.88,U.K.
ORD10584,Maria Garcia,2024-10-27,Books,8,488.49,3907.92,United Kingdom
ORD10585,John Smith,2025-11-22,Home & Garden,7,294.69,2062.83,UAE
ORD10586,Mike Brown,2024-05-22,Sports,4,142.01,568.04,nigeria
ORD10587,Emma Wilson,2024-09-26,Home & Garden,7,353.35,2473.4500000000003,UK
ORD10588,Mike Brown,2024-04-28,Books,10,346.15,3461.5,dubai
ORD10589,Lisa Wang,2024-05-15,Food,7,106.07,742.49,dubai
ORD10590,John Smith,2025-06-07,Food,8,75.89,607.12,Dubai
ORD10591,Maria Garcia,2024-07-24,Sports,5,285.45,1427.25,UK
ORD10592,Mike Brown,2025-10-04,Home & Garden,5,243.5,1217.5,United Kingdom
ORD10592,Mike Brown,2025-10-04,Home & Garden,5,243.5,1217.5,United Kingdom
ORD10594,Sarah Johnson,2024-12-10,Home & Garden,10,292.19,2921.9,United States
ORD10595,Ahmed Ali,2024-12-06,Toys,9,248.87,2239.83,U.S.A.
ORD10596,Ahmed Ali,2024-08-17,Books,3,323.88,971.64,UK
ORD10597,David Lee,2025-09-22,Clothing,3,178.38,535.14,Dubai
ORD10598,Ahmed Ali,2024-03-25,Food,5,444.97,2224.8500000000004,nigeria
ORD10599,Emma Wilson,2024-10-07,Books,3,428.56,1285.68,Nigeria
ORD10600,Sarah Johnson,2025-05-03,Books,7,60.47,,United Kingdom
ORD10601,John Smith,2024-10-24,Clothing,2,138.6,277.2,Dubai
ORD10602,David Lee,2025-01-22,Home & Garden,4,371.42,1485.68,United States
ORD10603,Mike Brown,2025-11-05,Electronics,6,431.58,2589.48,United Kingdom
ORD10604,Ahmed Ali,2024-05-22,Beauty,3,485.08,1455.24,United States
ORD10605,Emma Wilson,2024-02-27,Food,9,323.5,2911.5,nigeria
ORD10605,Emma Wilson,2024-02-27,Food,9,323.5,2911.5,nigeria
ORD10607,Mike Brown,2024-12-17,Sports,8,272.2,2177.6,United Kingdom
ORD10608,Emma Wilson,2025-02-01,Electronics,7,401.0,2807.0,usa
ORD10609,Lisa Wang,2024-10-09,Food,7,132.45,927.1499999999999,Dubai
ORD10610,David Lee,2025-04-23,Sports,2,216.9,433.8,UAE
ORD10611,Ahmed Ali,2025-02-16,Sports,7,102.12,,United States
ORD10611,Ahmed Ali,2025-02-16,Sports,7,102.12,,United States
ORD10613,John Smith,2024-06-05,Electronics,3,486.44,1459.32,United States
ORD10614,John Smith,2025-04-10,Clothing,3,17.22,51.66,UK
ORD10615,Emma Wilson,2024-11-19,Beauty,1,171.82,171.82,United States
ORD10616,David Lee,2025-09-22,Beauty,3,104.17,312.51,UK
ORD10617,Sarah Johnson,2025-03-25,Food,8,131.11,1048.88,Nigeria
ORD10618,Sarah Johnson,2024-06-19,Home & Garden,8,200.67,1605.36,nigeria
ORD10619,John Smith,2024-05-21,Clothing,5,245.8,1229.0,nigeria
ORD10620,Lisa Wang,2025-08-11,Home & Garden,7,169.01,1183.07,NG
ORD10621,David Lee,2025-03-31,Electronics,1,294.73,294.73,dubai
ORD10622,Maria Garcia,2025-09-04,Home & Garden,3,254.96,764.88,nigeria
ORD10623,John Smith,2025-10-04,Toys,3,353.65,1060.9499999999998,United States
ORD10624,Maria Garcia,2024-05-12,Toys,8,369.26,,UK
ORD10625,Mike Brown,2025-03-23,Electronics,8,356.25,2850.0,U.K.
ORD10626,Lisa Wang,2024-05-03,Books,9,180.36,1623.2400000000002,NG
ORD10627,Mike Brown,2025-09-25,Books,8,154.88,1239.04,nigeria
ORD10628,David Lee,2025-05-29,Electronics,10,429.85,4298.5,Nigeria
ORD10629,Sarah Johnson,2024-01-30,Food,4,266.79,1067.16,U.K.
ORD10629,Sarah Johnson,2024-01-30,Food,4,266.79,1067.16,U.K.
ORD10631,Mike Brown,2025-06-05,Electronics,4,62.46,249.84,usa
ORD10632,David Lee,2024-01-31,Beauty,9,315.75,2841.75,usa
ORD10633,Sarah Johnson,2025-11-21,Home & Garden,8,464.92,3719.36,United Kingdom
ORD10634,John Smith,2024-11-30,Food,6,399.18,,UAE
ORD10635,John Smith,2025-09-23,Sports,2,472.86,945.72,U.S.A.
ORD10636,Lisa Wang,2024-06-08,Food,4,104.63,418.52,UAE
ORD10637,Mike Brown,2024-05-12,Food,2,385.48,770.96,Dubai
ORD10638,David Lee,2025-08-20,Books,3,279.48,838.44,Dubai
ORD10639,Emma Wilson,2024-12-09,Toys,9,495.82,4462.38,nigeria
ORD10640,David Lee,2025-01-07,Home & Garden,10,277.36,2773.6000000000004,U.K.
ORD10641,Ahmed Ali,2024-12-01,Beauty,8,480.31,,usa
ORD10642,John Smith,2024-06-22,Books,5,13.22,66.10000000000001,Nigeria
ORD10643,John Smith,2023-12-29,Sports,9,260.52,2344.68,UAE
ORD10644,John Smith,2024-08-20,Toys,3,77.82,233.45999999999998,UAE
ORD10645,Ahmed Ali,2025-01-31,Clothing,10,205.9,2059.0,dubai
ORD10646,Maria Garcia,2024-07-28,Books,8,414.6,3316.8,UAE
ORD10647,Sarah Johnson,2024-04-04,Sports,1,368.09,368.09,U.S.A.
ORD10648,Maria Garcia,2024-12-13,Food,7,465.82,3260.74,Nigeria
ORD10649,John Smith,2024-02-24,Food,1,159.34,,U.K.
ORD10650,Maria Garcia,2024-07-08,Home & Garden,3,34.75,104.25,UK
ORD10651,Sarah Johnson,2025-04-21,Food,5,395.32,1976.6,nigeria
ORD10652,John Smith,2024-05-22,Food,5,51.69,258.45,dubai
ORD10653,Mike Brown,2024-07-30,Home & Garden,8,203.71,1629.68,U.K.
ORD10654,Lisa Wang,2025-03-31,Clothing,5,390.62,1953.1,UAE
ORD10654,Lisa Wang,2025-03-31,Clothing,5,390.62,1953.1,UAE
ORD10656,Ahmed Ali,2025-06-14,Toys,10,412.58,4125.8,UAE
ORD10657,John Smith,2025-04-09,Home & Garden,6,86.44,518.64,U.S.A.
ORD10658,John Smith,2025-03-31,Books,5,16.73,83.65,U.S.A.
ORD10659,Emma Wilson,2025-11-11,Toys,4,372.61,1490.44,U.K.
ORD10660,Ahmed Ali,2024-05-22,Beauty,10,367.66,3676.6000000000004,dubai
ORD10661,David Lee,2024-04-17,Electronics,5,93.46,467.29999999999995,dubai
ORD10662,John Smith,2024-08-15,Electronics,2,200.44,400.88,Dubai
ORD10663,Sarah Johnson,2025-11-15,Sports,7,123.27,862.89,dubai
ORD10664,Maria Garcia,2024-07-26,Clothing,3,107.45,322.35,U.K.
ORD10665,John Smith,2025-10-25,Home & Garden,9,159.41,1434.69,dubai
ORD10666,Maria Garcia,2024-01-04,Toys,6,316.36,1898.16,U.K.
ORD10667,John Smith,2024-03-04,Sports,7,446.3,3124.1,usa
ORD10668,Ahmed Ali,2025-04-18,Books,6,449.62,2697.7200000000003,U.S.A.
ORD10669,Lisa Wang,2024-10-03,Home & Garden,10,84.85,848.5,UAE
ORD10670,Mike Brown,2025-05-07,Books,10,275.26,2752.6,United States
ORD10671,Mike Brown,2024-09-20,Books,10,459.38,4593.8,U.K.
ORD10672,Sarah Johnson,2025-05-30,Toys,3,366.27,1098.81,UK
ORD10672,Sarah Johnson,2025-05-30,Toys,3,366.27,1098.81,UK
ORD10674,Ahmed Ali,2024-03-24,Home & Garden,10,123.77,1237.7,nigeria
ORD10675,Emma Wilson,2025-07-20,Beauty,6,100.15,600.9000000000001,United Kingdom
ORD10676,Lisa Wang,2025-04-17,Electronics,7,384.62,,NG
ORD10677,Lisa Wang,2024-01-17,Home & Garden,4,42.41,169.64,United Kingdom
ORD10678,Emma Wilson,2023-12-31,Toys,8,444.92,3559.36,usa
ORD10679,David Lee,2025-01-18,Food,10,470.18,4701.8,U.K.
ORD10680,John Smith,2024-06-19,Clothing,8,233.88,1871.04,Nigeria
ORD10681,David Lee,2025-10-25,Food,9,384.93,3464.37,Nigeria
ORD10682,David Lee,2025-01-27,Sports,8,91.58,732.64,usa
ORD10683,Mike Brown,2024-08-17,Beauty,2,364.1,728.2,UAE
ORD10684,Mike Brown,2024-10-28,Food,6,230.93,1385.58,UAE
ORD10685,Lisa Wang,2024-08-26,Clothing,5,168.8,844.0,dubai
ORD10686,Sarah Johnson,2025-09-02,Clothing,8,320.7,,dubai
ORD10687,Mike Brown,2024-11-12,Food,1,386.45,386.45,UAE
ORD10688,Mike Brown,2025-06-21,Books,3,386.89,,NG
ORD10689,Emma Wilson,2025-02-12,Books,2,450.29,900.58,usa
ORD10690,Ahmed Ali,2025-11-22,Beauty,8,429.15,3433.2,usa
ORD10691,Emma Wilson,2025-04-05,Home & Garden,10,333.14,3331.3999999999996,United Kingdom
ORD10691,Emma Wilson,2025-04-05,Home & Garden,10,333.14,3331.3999999999996,United Kingdom
ORD10693,Mike Brown,2025-10-09,Toys,1,81.23,,UAE
ORD10694,Ahmed Ali,2024-12-30,Clothing,1,63.35,63.35,United States
ORD10695,Mike Brown,2024-08-25,Toys,1,55.63,55.63,nigeria
ORD10696,Sarah Johnson,2024-09-23,Clothing,5,240.7,1203.5,NG
ORD10697,David Lee,2024-06-15,Home & Garden,4,309.91,1239.64,dubai
ORD10698,Sarah Johnson,2024-07-27,Sports,7,308.33,2158.31,U.K.
ORD10699,Maria Garcia,2025-07-25,Beauty,9,367.3,3305.7000000000003,United States
ORD10700,Lisa Wang,2023-12-10,Sports,4,10.77,,Dubai
ORD10701,Lisa Wang,2024-03-14,Food,7,32.29,226.03,Dubai
ORD10702,Lisa Wang,2023-12-29,Sports,5,397.2,1986.0,U.K.
ORD10703,John Smith,2025-08-10,Toys,6,204.06,1224.3600000000001,usa
ORD10704,Lisa Wang,2024-12-31,Toys,8,458.92,3671.36,Dubai
ORD10705,Mike Brown,2024-03-02,Beauty,9,449.01,4041.09,UK
ORD10705,Mike Brown,2024-03-02,Beauty,9,449.01,4041.09,UK
ORD10707,Maria Garcia,2024-12-07,Clothing,3,147.43,,UK
ORD10708,Mike Brown,2024-04-29,Food,3,301.64,904.92,NG
ORD10709,Maria Garcia,2023-12-09,Electronics,5,212.8,1064.0,Nigeria
ORD10710,Ahmed Ali,2025-04-27,Sports,3,64.99,194.96999999999997,Nigeria
ORD10711,Emma Wilson,2024-07-04,Electronics,8,453.43,3627.44,nigeria
ORD10712,Ahmed Ali,2025-01-03,Books,2,412.85,825.7,Dubai
ORD10713,Lisa Wang,2025-10-28,Beauty,7,359.7,2517.9,usa
ORD10714,John Smith,2024-01-01,Clothing,6,238.77,,U.K.
ORD10715,Ahmed Ali,2025-11-11,Sports,4,167.23,668.92,NG
ORD10716,Emma Wilson,2024-01-17,Clothing,5,83.17,415.85,usa
ORD10717,Sarah Johnson,2025-05-07,Toys,9,166.06,1494.54,dubai
ORD10718,Lisa Wang,2025-06-12,Clothing,5,310.5,1552.5,United Kingdom
ORD10719,John Smith,2024-08-09,Electronics,2,197.96,,UK
ORD10720,Emma Wilson,2024-03-13,Toys,5,172.84,864.2,Dubai
ORD10721,Sarah Johnson,2024-08-15,Books,2,408.3,816.6,United Kingdom
ORD10722,Ahmed Ali,2024-01-04,Beauty,8,123.53,988.24,UAE
ORD10723,Maria Garcia,2024-10-29,Books,6,396.5,2379.0,United Kingdom
ORD10724,Sarah Johnson,2024-08-05,Clothing,6,244.54,1467.24,NG
ORD10725,Mike Brown,2024-07-02,Clothing,7,410.6,2874.2000000000003,nigeria
ORD10726,Sarah Johnson,2025-01-29,Beauty,7,299.36,2095.52,Nigeria
ORD10727,Emma Wilson,2024-11-06,Clothing,6,112.04,672.24,UK
ORD10728,David Lee,2024-05-03,Toys,9,350.13,3151.17,Dubai
ORD10729,Emma Wilson,2025-08-09,Beauty,6,281.99,1691.94,United States
ORD10730,David Lee,2025-09-24,Clothing,10,387.96,3879.6,United Kingdom
ORD10731,John Smith,2025-09-03,Home & Garden,3,444.76,1334.28,Dubai
ORD10732,Mike Brown,2024-01-28,Books,8,270.32,2162.56,UAE
ORD10733,Lisa Wang,2024-01-07,Toys,5,289.44,1447.2,NG
ORD10734,David Lee,2024-12-17,Clothing,10,13.98,139.8,UK
ORD10735,Ahmed Ali,2025-10-02,Toys,9,484.27,,U.K.
ORD10736,Maria Garcia,2025-08-14,Sports,1,125.27,125.27,UK
ORD10737,David Lee,2024-10-15,Food,7,277.11,1939.77,United Kingdom
ORD10738,David Lee,2024-12-01,Food,3,151.35,454.04999999999995,United States
ORD10739,Sarah Johnson,2024-02-10,Electronics,3,363.46,1090.3799999999999,UK
ORD10740,Mike Brown,2025-09-09,Books,7,431.47,3020.29,dubai
ORD10741,David Lee,2024-03-06,Books,8,259.61,2076.88,United Kingdom
ORD10742,Lisa Wang,2025-05-28,Food,10,13.64,136.4,dubai
ORD10743,Ahmed Ali,2024-10-10,Toys,1,489.33,489.33,dubai
ORD10744,Emma Wilson,2023-12-28,Clothing,3,367.79,1103.3700000000001,NG
ORD10745,Sarah Johnson,2024-06-17,Clothing,4,241.5,966.0,Dubai
ORD10746,Ahmed Ali,2024-03-17,Electronics,6,272.17,,United Kingdom
ORD10747,Emma Wilson,2024-04-26,Toys,7,182.93,1280.51,NG
ORD10748,John Smith,2023-12-24,Sports,10,137.62,1376.2,UAE
ORD10749,John Smith,2024-02-01,Sports,10,23.38,233.79999999999998,United States
ORD10750,Ahmed Ali,2025-03-21,Books,10,147.68,1476.8000000000002,usa
ORD10751,Mike Brown,2024-04-08,Books,8,191.19,1529.52,dubai
ORD10752,Mike Brown,2024-06-12,Electronics,6,492.2,2953.2,UAE
ORD10753,Mike Brown,2024-07-15,Food,7,126.59,886.13,Dubai
ORD10754,Maria Garcia,2025-10-10,Sports,2,35.74,71.48,United Kingdom
ORD10754,Maria Garcia,2025-10-10,Sports,2,35.74,71.48,United Kingdom
ORD10756,Emma Wilson,2024-11-08,Toys,9,344.61,,U.K.
ORD10757,David Lee,2024-03-19,Sports,6,142.46,854.76,NG
ORD10758,David Lee,2024-08-19,Home & Garden,10,387.54,3875.4,Dubai
ORD10759,Mike Brown,2025-01-18,Electronics,1,417.53,,U.S.A.
ORD10760,Emma Wilson,2024-12-10,Home & Garden,5,133.43,,UAE
ORD10761,Lisa Wang,2024-03-31,Clothing,2,52.33,104.66,UK
ORD10762,Mike Brown,2025-08-13,Books,5,154.34,771.7,U.S.A.
ORD10763,Ahmed Ali,2024-09-23,Toys,5,89.36,,usa
ORD10764,Maria Garcia,2025-10-04,Sports,5,97.19,,Nigeria
ORD10765,Mike Brown,2024-02-13,Beauty,2,80.5,161.0,Nigeria
ORD10766,Sarah Johnson,2024-09-08,Sports,2,27.08,,dubai
ORD10767,Emma Wilson,2025-11-15,Beauty,3,329.9,,usa
ORD10768,Ahmed Ali,2025-07-02,Toys,7,291.57,2040.99,United Kingdom
ORD10769,David Lee,2025-09-24,Home & Garden,1,198.37,198.37,United Kingdom
ORD10770,Maria Garcia,2024-12-28,Sports,7,37.05,259.34999999999997,Dubai
ORD10771,Maria Garcia,2025-09-13,Beauty,5,327.42,1637.1000000000001,usa
ORD10772,Lisa Wang,2025-02-01,Food,2,319.0,638.0,U.S.A.
ORD10773,Emma Wilson,2025-05-24,Books,1,104.62,104.62,UAE
ORD10774,David Lee,2025-10-01,Sports,8,271.63,2173.04,United Kingdom
ORD10775,John Smith,2025-10-28,Toys,1,175.48,175.48,UK
ORD10776,Emma Wilson,2024-01-10,Books,10,124.16,,dubai
ORD10777,John Smith,2024-08-09,Electronics,4,353.64,1414.56,United States
ORD10778,Ahmed Ali,2025-08-27,Beauty,10,93.64,936.4,U.S.A.
ORD10779,Lisa Wang,2025-10-01,Home & Garden,7,175.3,1227.1000000000001,dubai
ORD10780,Maria Garcia,2025-08-03,Books,6,419.85,2519.1000000000004,usa
ORD10781,Maria Garcia,2025-10-01,Clothing,5,79.21,396.04999999999995,dubai
ORD10782,Mike Brown,2024-09-11,Home & Garden,10,29.94,,Dubai
ORD10783,Mike Brown,2025-11-18,Beauty,2,13.11,26.22,U.S.A.
ORD10784,Ahmed Ali,2024-10-04,Beauty,3,111.02,333.06,U.K.
ORD10785,Lisa Wang,2025-06-09,Electronics,10,98.2,982.0,U.S.A.
ORD10786,Ahmed Ali,2024-12-13,Food,1,283.28,283.28,U.K.
ORD10787,Maria Garcia,2024-05-31,Home & Garden,8,387.46,3099.68,NG
ORD10788,Sarah Johnson,2025-07-05,Beauty,8,96.4,771.2,usa
ORD10788,Sarah Johnson,2025-07-05,Beauty,8,96.4,771.2,usa
ORD10790,John Smith,2024-06-02,Books,3,394.89,1184.67,U.S.A.
ORD10791,Lisa Wang,2024-09-05,Toys,7,107.39,751.73,nigeria
ORD10792,Sarah Johnson,2025-01-05,Home & Garden,2,126.19,252.38,Nigeria
ORD10793,Lisa Wang,2025-09-20,Beauty,10,247.36,2473.6000000000004,United States
ORD10794,Emma Wilson,2025-06-05,Food,6,76.84,461.04,Dubai
ORD10795,Ahmed Ali,2025-05-11,Toys,3,25.73,77.19,NG
ORD10796,Emma Wilson,2024-08-22,Food,3,382.57,1147.71,NG
ORD10797,Mike Brown,2024-04-22,Home & Garden,2,211.73,423.46,Nigeria
ORD10798,Emma Wilson,2025-02-22,Electronics,7,370.73,2595.11,nigeria
ORD10798,Emma Wilson,2025-02-22,Electronics,7,370.73,2595.11,nigeria
ORD10800,Emma Wilson,2024-07-06,Electronics,7,270.25,1891.75,dubai
ORD10801,Emma Wilson,2024-07-15,Home & Garden,2,283.66,,dubai
ORD10802,Lisa Wang,2025-07-22,Toys,5,127.14,635.7,usa
ORD10803,Ahmed Ali,2025-06-22,Beauty,10,376.17,,United Kingdom
ORD10804,Mike Brown,2023-12-15,Food,3,397.03,1191.09,United Kingdom
ORD10805,John Smith,2024-03-02,Clothing,7,447.78,3134.46,usa
ORD10806,Ahmed Ali,2023-12-21,Home & Garden,2,314.02,628.04,usa
ORD10807,Maria Garcia,2025-10-13,Clothing,7,189.14,1323.98,nigeria
ORD10808,Sarah Johnson,2024-05-09,Home & Garden,3,490.81,1472.43,U.S.A.
ORD10809,Lisa Wang,2025-04-18,Toys,6,449.99,2699.94,UK
ORD10810,Sarah Johnson,2024-11-18,Toys,8,248.25,1986.0,U.S.A.
ORD10811,Ahmed Ali,2024-08-29,Toys,2,102.29,204.58,U.S.A.
ORD10812,Mike Brown,2025-02-12,Clothing,2,90.74,181.48,United States
ORD10813,Lisa Wang,2024-06-19,Electronics,5,214.1,1070.5,United States
ORD10814,David Lee,2024-09-06,Electronics,5,102.64,,Nigeria
ORD10815,Maria Garcia,2024-10-09,Toys,6,248.21,1489.26,U.K.
ORD10816,Emma Wilson,2024-08-23,Sports,10,74.66,746.5999999999999,United States
ORD10817,Lisa Wang,2024-07-27,Toys,5,387.18,,nigeria
ORD10818,Mike Brown,2024-03-11,Books,9,149.77,1347.93,dubai
ORD10819,Mike Brown,2025-06-22,Home & Garden,2,30.16,60.32,United States
ORD10820,Maria Garcia,2025-05-30,Home & Garden,9,356.5,3208.5,nigeria
ORD10821,Emma Wilson,2024-05-31,Books,9,157.76,1419.84,UK
ORD10822,Mike Brown,2024-08-22,Toys,3,12.1,36.3,U.K.
ORD10823,Ahmed Ali,2024-08-06,Sports,10,336.77,3367.7,dubai
ORD10824,Emma Wilson,2024-12-23,Clothing,8,451.09,3608.72,U.K.
ORD10825,John Smith,2024-10-19,Home & Garden,8,185.12,1480.96,UAE
ORD10826,Lisa Wang,2025-02-23,Home & Garden,1,50.96,50.96,Dubai
ORD10827,Sarah Johnson,2024-06-28,Food,4,250.33,1001.32,U.K.
ORD10828,Maria Garcia,2024-10-23,Books,7,191.12,1337.8400000000001,NG
ORD10829,Ahmed Ali,2024-09-04,Clothing,4,366.65,1466.6,UK
ORD10830,Ahmed Ali,2025-06-20,Food,7,78.39,548.73,U.S.A.
ORD10831,Ahmed Ali,2024-08-05,Toys,2,467.24,934.48,UK
ORD10832,David Lee,2024-02-19,Sports,7,95.7,669.9,UAE
ORD10833,Mike Brown,2025-05-14,Books,7,151.84,1062.88,NG
ORD10834,Ahmed Ali,2024-07-17,Beauty,4,23.15,,NG
ORD10835,Emma Wilson,2025-07-30,Sports,7,97.89,685.23,Dubai
ORD10836,Sarah Johnson,2025-02-24,Beauty,2,303.46,606.92,United Kingdom
ORD10837,Ahmed Ali,2024-03-01,Beauty,2,192.87,385.74,usa
ORD10838,Mike Brown,2024-04-18,Electronics,3,166.64,499.91999999999996,United States
ORD10839,John Smith,2025-02-28,Toys,7,321.76,2252.3199999999997,usa
ORD10840,Sarah Johnson,2024-06-26,Home & Garden,3,384.7,1154.1,United States
ORD10841,Maria Garcia,2024-01-03,Sports,5,345.87,1729.35,U.S.A.
ORD10842,Maria Garcia,2025-07-10,Electronics,3,263.9,791.6999999999999,United Kingdom
ORD10843,Mike Brown,2025-08-22,Home & Garden,3,256.66,769.98,U.K.
ORD10844,Sarah Johnson,2024-10-03,Beauty,2,67.12,134.24,usa
ORD10845,Ahmed Ali,2023-12-28,Toys,3,410.35,1231.0500000000002,UAE
ORD10846,Maria Garcia,2025-06-11,Sports,1,374.79,374.79,United States
ORD10847,Mike Brown,2023-12-31,Home & Garden,5,71.42,357.1,U.S.A.
ORD10847,Mike Brown,2023-12-31,Home & Garden,5,71.42,357.1,U.S.A.
ORD10849,John Smith,2024-08-11,Clothing,5,31.21,156.05,usa
ORD10849,John Smith,2024-08-11,Clothing,5,31.21,156.05,usa
ORD10851,Mike Brown,2025-02-23,Toys,6,88.67,532.02,dubai
ORD10852,Sarah Johnson,2025-08-25,Electronics,9,116.33,1046.97,NG
ORD10853,John Smith,2025-08-25,Home & Garden,9,427.14,3844.2599999999998,dubai
ORD10854,Emma Wilson,2024-01-15,Clothing,3,419.02,1257.06,UK
ORD10855,Lisa Wang,2024-10-13,Clothing,6,70.57,423.41999999999996,United States
ORD10856,Maria Garcia,2023-12-14,Sports,9,363.85,,United Kingdom
ORD10857,Ahmed Ali,2024-08-24,Sports,8,120.68,965.44,UK
ORD10858,Sarah Johnson,2024-08-04,Toys,3,16.27,48.81,Dubai
ORD10859,Emma Wilson,2024-06-17,Clothing,2,80.25,160.5,UAE
ORD10860,Mike Brown,2025-09-29,Toys,4,175.93,703.72,UK
ORD10861,David Lee,2024-07-11,Sports,10,300.89,3008.8999999999996,Dubai
ORD10862,Maria Garcia,2024-08-04,Food,8,260.59,2084.72,United Kingdom
ORD10863,Ahmed Ali,2024-07-21,Beauty,4,317.9,1271.6,U.S.A.
ORD10864,Sarah Johnson,2024-07-12,Electronics,3,197.49,592.47,United States
ORD10865,Sarah Johnson,2025-09-17,Beauty,8,108.95,871.6,United Kingdom
ORD10866,Maria Garcia,2024-05-30,Electronics,1,495.45,495.45,U.S.A.
ORD10867,Maria Garcia,2024-11-14,Beauty,8,27.63,221.04,Dubai
ORD10868,Ahmed Ali,2023-12-12,Books,8,221.03,1768.24,UK
ORD10869,Sarah Johnson,2024-05-01,Beauty,9,345.83,3112.47,United Kingdom
ORD10870,Mike Brown,2024-07-04,Electronics,7,139.06,973.4200000000001,UK
ORD10871,Maria Garcia,2025-02-16,Toys,1,23.79,,nigeria
ORD10872,John Smith,2024-03-04,Toys,7,57.7,403.90000000000003,nigeria
ORD10873,John Smith,2024-01-27,Home & Garden,4,124.96,499.84,U.S.A.
ORD10874,Sarah Johnson,2025-01-26,Clothing,6,93.19,559.14,usa
ORD10875,David Lee,2024-05-02,Food,5,20.0,100.0,usa
ORD10876,David Lee,2024-04-29,Food,6,290.54,1743.2400000000002,U.S.A.
ORD10877,Lisa Wang,2024-12-25,Beauty,9,407.61,3668.4900000000002,United States
ORD10878,Maria Garcia,2024-09-14,Home & Garden,8,321.37,2570.96,U.S.A.
ORD10879,Lisa Wang,2025-02-13,Sports,1,155.69,155.69,Nigeria
ORD10880,Sarah Johnson,2024-04-21,Clothing,10,175.05,,U.K.
ORD10881,Lisa Wang,2024-12-14,Clothing,5,257.27,1286.35,Dubai
ORD10882,Lisa Wang,2024-10-06,Food,5,316.23,1581.15,U.K.
ORD10883,John Smith,2024-03-02,Books,10,254.61,2546.1000000000004,dubai
ORD10884,Ahmed Ali,2024-02-20,Food,10,366.04,,Nigeria
ORD10885,Mike Brown,2025-04-02,Books,5,423.62,2118.1,U.S.A.
ORD10886,David Lee,2025-03-06,Sports,3,135.66,406.98,UK
ORD10887,Mike Brown,2025-05-22,Electronics,4,400.55,1602.2,United Kingdom
ORD10888,David Lee,2024-09-28,Electronics,4,88.09,352.36,NG
ORD10889,Ahmed Ali,2024-01-30,Books,1,482.26,482.26,usa
ORD10890,Sarah Johnson,2025-01-17,Sports,2,451.28,902.56,nigeria
ORD10891,Sarah Johnson,2024-10-24,Books,4,64.85,259.4,U.S.A.
ORD10892,Ahmed Ali,2024-07-14,Clothing,4,303.91,1215.64,nigeria
ORD10893,David Lee,2025-04-07,Food,4,80.7,322.8,NG
ORD10894,Ahmed Ali,2024-04-10,Electronics,8,271.4,2171.2,U.S.A.
ORD10895,David Lee,2024-08-05,Home & Garden,5,440.92,2204.6,nigeria
ORD10896,Maria Garcia,2025-01-23,Electronics,10,27.06,270.59999999999997,usa
ORD10897,Lisa Wang,2025-03-20,Food,5,323.09,1615.4499999999998,Dubai
ORD10898,Lisa Wang,2024-09-07,Food,1,455.8,455.8,NG
ORD10899,Lisa Wang,2025-02-03,Home & Garden,3,458.79,1376.3700000000001,Dubai
ORD10900,John Smith,2025-02-27,Clothing,8,240.83,1926.64,nigeria
ORD10901,Sarah Johnson,2025-06-23,Sports,9,42.52,382.68,dubai
ORD10902,Maria Garcia,2024-08-27,Electronics,1,324.27,324.27,United Kingdom
ORD10903,Mike Brown,2025-12-01,Food,4,317.87,1271.48,U.S.A.
ORD10904,Lisa Wang,2024-06-24,Books,10,346.02,3460.2,nigeria
ORD10905,Mike Brown,2025-03-13,Books,10,415.12,4151.2,Nigeria
ORD10905,Mike Brown,2025-03-13,Books,10,415.12,4151.2,Nigeria
ORD10907,John Smith,2024-05-12,Home & Garden,2,487.32,974.64,dubai
ORD10908,John Smith,2024-10-20,Food,10,137.48,,nigeria
ORD10909,Sarah Johnson,2025-11-20,Food,8,415.36,3322.88,Nigeria
ORD10910,Lisa Wang,2025-03-07,Sports,8,197.22,1577.76,Nigeria
ORD10911,Ahmed Ali,2024-01-11,Home & Garden,7,98.38,688.66,usa
ORD10912,Ahmed Ali,2025-04-07,Beauty,4,191.12,764.48,United Kingdom
ORD10913,Emma Wilson,2025-07-21,Toys,7,346.56,2425.92,dubai
ORD10914,Ahmed Ali,2025-09-21,Clothing,9,38.79,349.11,Nigeria
ORD10915,Maria Garcia,2024-03-24,Electronics,1,134.29,134.29,NG
ORD10916,Maria Garcia,2025-07-22,Electronics,10,97.89,978.9,United Kingdom
ORD10917,Emma Wilson,2025-07-22,Clothing,6,358.03,2148.18,NG
ORD10918,John Smith,2025-07-27,Beauty,5,376.43,1882.15,NG
ORD10919,Ahmed Ali,2024-03-17,Sports,9,163.38,1470.42,nigeria
ORD10919,Ahmed Ali,2024-03-17,Sports,9,163.38,1470.42,nigeria
ORD10919,Ahmed Ali,2024-03-17,Sports,9,163.38,1470.42,nigeria
ORD10922,Maria Garcia,2023-12-09,Beauty,8,251.56,2012.48,United States
ORD10923,Sarah Johnson,2025-05-10,Sports,3,419.13,1257.3899999999999,NG
ORD10924,Lisa Wang,2024-04-16,Electronics,9,385.76,3471.84,U.S.A.
ORD10925,Emma Wilson,2024-01-11,Clothing,6,22.72,136.32,Dubai
ORD10926,Maria Garcia,2024-04-09,Clothing,6,85.35,,dubai
ORD10927,Emma Wilson,2024-03-01,Sports,10,332.42,3324.2000000000003,usa
ORD10928,Emma Wilson,2025-01-06,Books,4,433.01,1732.04,NG
ORD10929,John Smith,2025-09-23,Food,2,205.44,410.88,UK
ORD10930,Lisa Wang,2025-06-21,Food,7,149.62,1047.3400000000001,Dubai
ORD10931,Ahmed Ali,2024-07-20,Food,5,452.83,2264.15,nigeria
ORD10932,Maria Garcia,2024-06-28,Home & Garden,8,228.27,1826.16,NG
ORD10933,David Lee,2025-09-03,Food,6,310.8,1864.8000000000002,UK
ORD10934,Maria Garcia,2024-08-17,Home & Garden,3,466.03,1398.09,Dubai
ORD10935,Ahmed Ali,2024-08-12,Food,2,454.53,909.06,United States
ORD10936,Ahmed Ali,2025-03-25,Food,5,288.58,1442.8999999999999,usa
ORD10937,David Lee,2024-10-08,Clothing,8,333.82,2670.56,NG
ORD10938,Sarah Johnson,2024-07-07,Electronics,2,372.85,745.7,United States
ORD10939,John Smith,2025-09-10,Food,5,163.83,819.1500000000001,Dubai
ORD10940,Ahmed Ali,2024-12-20,Books,4,100.69,402.76,UAE
ORD10941,Sarah Johnson,2024-09-16,Electronics,1,203.52,,Dubai
ORD10942,David Lee,2024-01-31,Beauty,5,313.06,1565.3,nigeria
ORD10943,David Lee,2025-01-29,Clothing,3,76.21,228.63,usa
ORD10944,Lisa Wang,2025-11-07,Home & Garden,8,327.83,2622.64,UK
ORD10945,Lisa Wang,2025-09-07,Sports,8,82.6,660.8,U.S.A.
ORD10946,Mike Brown,2023-12-16,Beauty,8,241.03,1928.24,UAE
ORD10947,Ahmed Ali,2024-04-30,Food,1,173.59,173.59,dubai
ORD10948,David Lee,2024-07-15,Sports,1,248.87,248.87,UAE
ORD10949,Emma Wilson,2025-04-11,Electronics,9,19.32,173.88,U.K.
ORD10950,David Lee,2024-08-07,Clothing,8,315.12,2520.96,United Kingdom
ORD10951,John Smith,2025-06-22,Sports,4,239.93,959.72,U.K.
ORD10952,Maria Garcia,2024-03-28,Beauty,3,442.75,1328.25,UK
ORD10953,Maria Garcia,2024-08-08,Books,10,111.53,1115.3,U.S.A.
ORD10954,Mike Brown,2025-06-10,Home & Garden,3,306.82,920.46,UK
ORD10955,Emma Wilson,2025-01-28,Home & Garden,4,282.85,1131.4,nigeria
ORD10956,Maria Garcia,2024-01-11,Books,3,415.69,1247.07,usa
ORD10957,Maria Garcia,2024-09-20,Clothing,10,121.08,1210.8,United Kingdom
ORD10958,Maria Garcia,2024-12-06,Electronics,9,141.07,1269.6299999999999,dubai
ORD10959,Sarah Johnson,2023-12-12,Electronics,8,401.5,3212.0,U.S.A.
ORD10960,Sarah Johnson,2024-05-08,Electronics,9,61.65,554.85,Nigeria
ORD10961,Mike Brown,2025-02-08,Beauty,9,254.21,2287.89,United States
ORD10962,Maria Garcia,2025-07-16,Clothing,4,225.16,900.64,usa
ORD10963,Emma Wilson,2024-12-20,Sports,9,93.92,845.28,dubai
ORD10964,Maria Garcia,2024-02-29,Home & Garden,3,379.07,1137.21,Nigeria
ORD10965,David Lee,2024-10-07,Food,8,476.4,3811.2,Dubai
ORD10966,John Smith,2024-09-07,Books,1,361.64,361.64,U.S.A.
ORD10967,Maria Garcia,2024-10-19,Books,7,40.12,280.84,Dubai
ORD10968,Mike Brown,2024-04-25,Electronics,9,486.6,4379.400000000001,Dubai
ORD10969,Ahmed Ali,2025-01-17,Toys,1,415.23,415.23,UAE
ORD10970,David Lee,2024-09-04,Home & Garden,9,315.94,2843.46,United Kingdom
ORD10971,David Lee,2025-05-16,Sports,2,28.12,56.24,dubai
ORD10972,Mike Brown,2024-06-20,Sports,4,55.48,221.92,U.K.
ORD10973,Mike Brown,2025-11-11,Electronics,9,300.33,2702.97,NG
ORD10974,Sarah Johnson,2025-10-04,Toys,5,317.22,1586.1000000000001,usa
ORD10975,Sarah Johnson,2024-09-01,Sports,10,371.06,3710.6,Nigeria
ORD10976,Lisa Wang,2024-12-11,Sports,5,336.79,1683.95,UAE
ORD10977,David Lee,2024-06-20,Home & Garden,2,170.65,341.3,nigeria
ORD10978,Mike Brown,2023-12-07,Food,7,50.15,,United States
ORD10979,Emma Wilson,2025-09-16,Toys,9,207.35,1866.1499999999999,UK
ORD10980,Emma Wilson,2024-02-22,Food,8,347.62,2780.96,dubai
ORD10981,Mike Brown,2025-07-10,Books,8,358.46,2867.68,dubai
ORD10982,Sarah Johnson,2023-12-24,Home & Garden,8,241.94,1935.52,U.K.
ORD10983,Sarah Johnson,2024-03-28,Food,2,69.22,138.44,usa
ORD10984,Sarah Johnson,2024-11-19,Sports,6,158.6,951.5999999999999,United States
ORD10984,Sarah Johnson,2024-11-19,Sports,6,158.6,951.5999999999999,United States
ORD10986,Maria Garcia,2025-09-26,Electronics,7,245.78,1720.46,United Kingdom
ORD10987,David Lee,2024-08-05,Books,3,257.33,771.99,United Kingdom
ORD10988,Mike Brown,2025-01-05,Clothing,10,335.61,3356.1000000000004,Nigeria
ORD10989,Maria Garcia,2024-05-30,Electronics,8,370.6,2964.8,United States
ORD10990,Ahmed Ali,2024-05-09,Clothing,9,51.72,465.48,U.K.
ORD10991,John Smith,2024-04-30,Home & Garden,8,256.29,,Dubai
ORD10992,Mike Brown,2025-11-15,Sports,4,130.19,520.76,UAE
ORD10993,Maria Garcia,2024-10-19,Electronics,8,432.37,,UK
ORD10994,John Smith,2024-06-12,Toys,7,136.02,952.1400000000001,U.S.A.
ORD10995,Ahmed Ali,2025-07-10,Books,5,386.47,1932.3500000000001,UK
ORD10996,John Smith,2024-03-15,Toys,3,23.31,,UK
ORD10997,Mike Brown,2024-10-08,Toys,5,194.0,970.0,U.S.A.
ORD10998,Lisa Wang,2024-04-02,Home & Garden,8,259.22,2073.76,U.S.A.
ORD10999,Maria Garcia,2024-08-16,Food,2,247.24,494.48,Nigeria
